person_id,id,name,character,role
23441,tm74391,Paul Satterfield,,DIRECTOR
23442,tm74391,Hamilton Luske,,DIRECTOR
23443,tm74391,Jim Handley,,DIRECTOR
6164,tm74391,Ford Beebe,,DIRECTOR
23444,tm74391,T. Hee,,DIRECTOR
23446,tm74391,Wilfred Jackson,,DIRECTOR
23440,tm74391,William Roberts,,DIRECTOR
13776,tm74391,Ben Sharpsteen,,DIRECTOR
23438,tm74391,James Algar,,DIRECTOR
23437,tm74391,Samuel Armstrong,,DIRECTOR
23445,tm74391,Norman Ferguson,,DIRECTOR
6147,tm74391,David Hand,,DIRECTOR
6147,tm67803,David Hand,,DIRECTOR
23446,tm82546,Wilfred Jackson,,DIRECTOR
13776,tm82546,Ben Sharpsteen,,DIRECTOR
25067,tm82546,Jack Kinney,,DIRECTOR
23440,tm82546,William Roberts,,DIRECTOR
23444,tm82546,T. Hee,,DIRECTOR
23445,tm82546,Norman Ferguson,,DIRECTOR
23442,tm82546,Hamilton Luske,,DIRECTOR
6147,tm79357,David Hand,,DIRECTOR
55434,tm62671,Byron Haskin,,DIRECTOR
23438,tm61729,James Algar,,DIRECTOR
7712,tm61729,Clyde Geronimi,,DIRECTOR
25067,tm61729,Jack Kinney,,DIRECTOR
23446,tm61052,Wilfred Jackson,,DIRECTOR
23442,tm61052,Hamilton Luske,,DIRECTOR
7712,tm61052,Clyde Geronimi,,DIRECTOR
23445,tm87946,Norman Ferguson,,DIRECTOR
25067,tm87946,Jack Kinney,,DIRECTOR
23440,tm87946,William Roberts,,DIRECTOR
23446,tm87946,Wilfred Jackson,,DIRECTOR
23437,tm87946,Samuel Armstrong,,DIRECTOR
13776,tm87946,Ben Sharpsteen,,DIRECTOR
102935,tm4623,Harold Young,,DIRECTOR
23445,tm4623,Norman Ferguson,,DIRECTOR
25067,tm4623,Jack Kinney,,DIRECTOR
7712,tm4623,Clyde Geronimi,,DIRECTOR
23440,tm4623,William Roberts,,DIRECTOR
69969,tm77826,Alfred L. Werker,,DIRECTOR
23442,tm77826,Hamilton Luske,,DIRECTOR
25067,tm89831,Jack Kinney,,DIRECTOR
23442,tm89831,Hamilton Luske,,DIRECTOR
23440,tm89831,William Roberts,,DIRECTOR
598654,tm89831,William Morgan,,DIRECTOR
153911,tm3616,Ub Iwerks,,DIRECTOR
23440,tm77407,William Roberts,,DIRECTOR
23445,tm77407,Norman Ferguson,,DIRECTOR
25067,tm77407,Jack Kinney,,DIRECTOR
23446,tm77407,Wilfred Jackson,,DIRECTOR
23442,tm77407,Hamilton Luske,,DIRECTOR
25067,tm71205,Jack Kinney,,DIRECTOR
23442,tm5822,Hamilton Luske,,DIRECTOR
23446,tm5822,Wilfred Jackson,,DIRECTOR
25067,tm5822,Jack Kinney,,DIRECTOR
7712,tm5822,Clyde Geronimi,,DIRECTOR
6154,tm8579,Dick Rickard,,DIRECTOR
134005,tm134279,Burt Gillett,,DIRECTOR
7712,tm74410,Clyde Geronimi,,DIRECTOR
134005,tm4759,Burt Gillett,,DIRECTOR
153923,tm80290,Edward Ludwig,,DIRECTOR
23438,tm60613,James Algar,,DIRECTOR
134293,tm330224,Jack Cutting,,DIRECTOR
7712,tm330224,Clyde Geronimi,,DIRECTOR
23446,tm137537,Wilfred Jackson,,DIRECTOR
598854,tm63024,Graham Heid,,DIRECTOR
23446,tm63024,Wilfred Jackson,,DIRECTOR
134005,tm100567,Burt Gillett,,DIRECTOR
6147,tm116172,David Hand,,DIRECTOR
23446,tm103817,Wilfred Jackson,,DIRECTOR
25067,tm4822,Jack Kinney,,DIRECTOR
23446,tm116154,Wilfred Jackson,,DIRECTOR
23446,tm4844,Wilfred Jackson,,DIRECTOR
25067,tm71616,Jack Kinney,,DIRECTOR
13776,tm65604,Ben Sharpsteen,,DIRECTOR
133995,tm156870,Jack King,,DIRECTOR
511569,tm74440,Riley Thomson,,DIRECTOR
181427,tm94578,Jack Hannah,,DIRECTOR
23446,tm103794,Wilfred Jackson,,DIRECTOR
23446,tm165060,Wilfred Jackson,,DIRECTOR
13776,tm7478,Ben Sharpsteen,,DIRECTOR
6147,tm63962,David Hand,,DIRECTOR
210932,tm89100,Charles A. Nichols,,DIRECTOR
7712,tm78040,Clyde Geronimi,,DIRECTOR
25067,tm71199,Jack Kinney,,DIRECTOR
210932,tm65788,Charles A. Nichols,,DIRECTOR
7712,tm87845,Clyde Geronimi,,DIRECTOR
13776,tm8026,Ben Sharpsteen,,DIRECTOR
151200,tm113865,Dick Lundy,,DIRECTOR
13776,tm160443,Ben Sharpsteen,,DIRECTOR
133995,tm8162,Jack King,,DIRECTOR
151200,tm164081,Dick Lundy,,DIRECTOR
23446,tm165357,Wilfred Jackson,,DIRECTOR
5910,tm161340,Walt Disney,,DIRECTOR
13776,tm64663,Ben Sharpsteen,,DIRECTOR
210932,tm7388,Charles A. Nichols,,DIRECTOR
6147,tm112420,David Hand,,DIRECTOR
210932,tm7466,Charles A. Nichols,,DIRECTOR
7712,tm76217,Clyde Geronimi,,DIRECTOR
181427,tm91651,Jack Hannah,,DIRECTOR
23446,tm97393,Wilfred Jackson,,DIRECTOR
133995,tm78018,Jack King,,DIRECTOR
210932,tm90592,Charles A. Nichols,,DIRECTOR
210932,tm4872,Charles A. Nichols,,DIRECTOR
23446,tm110541,Wilfred Jackson,,DIRECTOR
7712,tm161054,Clyde Geronimi,,DIRECTOR
181427,tm62513,Jack Hannah,,DIRECTOR
23440,tm160483,William Roberts,,DIRECTOR
134005,tm141685,Burt Gillett,,DIRECTOR
134005,tm67239,Burt Gillett,,DIRECTOR
134005,tm3021,Burt Gillett,,DIRECTOR
210932,tm60305,Charles A. Nichols,,DIRECTOR
181427,tm67092,Jack Hannah,,DIRECTOR
25067,tm72295,Jack Kinney,,DIRECTOR
181427,tm1454,Jack Hannah,,DIRECTOR
6147,tm112317,David Hand,,DIRECTOR
511569,tm82574,Riley Thomson,,DIRECTOR
210932,tm64710,Charles A. Nichols,,DIRECTOR
133995,tm75668,Jack King,,DIRECTOR
25067,tm84573,Jack Kinney,,DIRECTOR
133995,tm87968,Jack King,,DIRECTOR
210932,tm63613,Charles A. Nichols,,DIRECTOR
181427,tm63504,Jack Hannah,,DIRECTOR
210932,tm95977,Charles A. Nichols,,DIRECTOR
133995,tm76325,Jack King,,DIRECTOR
210932,tm5618,Charles A. Nichols,,DIRECTOR
23446,tm117183,Wilfred Jackson,,DIRECTOR
15273,tm88215,Robert Wise,,DIRECTOR
2115,tm1,George Lucas,,DIRECTOR
17303,tm189724,Robert Stevenson,,DIRECTOR
25709,tm74066,James Frawley,,DIRECTOR
21691,tm114017,Fred Zinnemann,,DIRECTOR
14168,tm81911,Gene Kelly,,DIRECTOR
19352,tm562,Richard Fleischer,,DIRECTOR
44604,tm2,Irvin Kershner,,DIRECTOR
44408,tm73079,Gary Nelson,,DIRECTOR
7712,tm130611,Clyde Geronimi,,DIRECTOR
23446,tm130611,Wilfred Jackson,,DIRECTOR
23442,tm130611,Hamilton Luske,,DIRECTOR
24607,tm58193,Ken Annakin,,DIRECTOR
5914,tm102135,Wolfgang Reitherman,,DIRECTOR
23550,tm42943,David Swift,,DIRECTOR
5914,tm186525,Wolfgang Reitherman,,DIRECTOR
5914,tm32115,Wolfgang Reitherman,,DIRECTOR
23446,tm105286,Wilfred Jackson,,DIRECTOR
7712,tm105286,Clyde Geronimi,,DIRECTOR
23442,tm105286,Hamilton Luske,,DIRECTOR
17303,tm14236,Robert Stevenson,,DIRECTOR
17303,tm124682,Robert Stevenson,,DIRECTOR
5914,tm121851,Wolfgang Reitherman,,DIRECTOR
59284,tm37937,Henry Levin,,DIRECTOR
7712,tm111159,Clyde Geronimi,,DIRECTOR
23446,tm111159,Wilfred Jackson,,DIRECTOR
23442,tm111159,Hamilton Luske,,DIRECTOR
5914,tm91105,Wolfgang Reitherman,,DIRECTOR
16238,tm91105,John Lounsbery,,DIRECTOR
17303,tm11010,Robert Stevenson,,DIRECTOR
39223,tm92586,Don Chaffey,,DIRECTOR
5914,tm54168,Wolfgang Reitherman,,DIRECTOR
23442,tm54168,Hamilton Luske,,DIRECTOR
7712,tm54168,Clyde Geronimi,,DIRECTOR
17303,tm47427,Robert Stevenson,,DIRECTOR
17303,tm41096,Robert Stevenson,,DIRECTOR
16238,tm92967,John Lounsbery,,DIRECTOR
80318,tm92967,Art Stevens,,DIRECTOR
5914,tm92967,Wolfgang Reitherman,,DIRECTOR
58917,tm120497,John Hough,,DIRECTOR
44408,tm87467,Gary Nelson,,DIRECTOR
36769,tm124852,Norman Tokar,,DIRECTOR
7712,tm51992,Clyde Geronimi,,DIRECTOR
60494,tm51953,Charles Barton,,DIRECTOR
23550,tm56825,David Swift,,DIRECTOR
62950,tm45750,Jack Donohue,,DIRECTOR
62954,tm45750,Austen Jewell,,DIRECTOR
17303,tm79567,Robert Stevenson,,DIRECTOR
17303,tm123901,Robert Stevenson,,DIRECTOR
36769,tm96700,Norman Tokar,,DIRECTOR
45525,tm68472,Robert Butler,,DIRECTOR
58917,tm12159,John Hough,,DIRECTOR
57604,tm324940,Norman Foster,,DIRECTOR
96993,tm324940,Lewis R. Foster,,DIRECTOR
17303,tm15888,Robert Stevenson,,DIRECTOR
181427,tm66587,Jack Hannah,,DIRECTOR
24607,tm59862,Ken Annakin,,DIRECTOR
36769,tm119319,Norman Tokar,,DIRECTOR
17303,tm87512,Robert Stevenson,,DIRECTOR
69327,tm30426,Fletcher Markle,,DIRECTOR
39223,tm7719,Don Chaffey,,DIRECTOR
36769,tm156939,Norman Tokar,,DIRECTOR
61529,tm183361,James Neilson,,DIRECTOR
57604,tm112491,Norman Foster,,DIRECTOR
33843,tm91299,Vincent McEveety,,DIRECTOR
36769,tm73745,Norman Tokar,,DIRECTOR
61529,tm115739,James Neilson,,DIRECTOR
39223,tm44585,Don Chaffey,,DIRECTOR
33843,tm124019,Vincent McEveety,,DIRECTOR
33843,tm91078,Vincent McEveety,,DIRECTOR
36769,tm18794,Norman Tokar,,DIRECTOR
24607,tm42937,Ken Annakin,,DIRECTOR
104436,tm78765,Russ Mayberry,,DIRECTOR
17303,tm107435,Robert Stevenson,,DIRECTOR
33843,tm88710,Vincent McEveety,,DIRECTOR
558719,tm124426,Paul Kenworthy,,DIRECTOR
40989,tm124426,Ralph Wright,,DIRECTOR
33843,tm67783,Vincent McEveety,,DIRECTOR
33843,tm152094,Vincent McEveety,,DIRECTOR
33843,tm11266,Vincent McEveety,,DIRECTOR
1441489,tm109409,Bernard McEveety,,DIRECTOR
119963,tm181425,Peter Tewksbury,,DIRECTOR
23438,tm104617,James Algar,,DIRECTOR
33843,tm98555,Vincent McEveety,,DIRECTOR
23438,tm19764,James Algar,,DIRECTOR
486588,tm1027745,David Acomba,,DIRECTOR
559499,tm15129,Larry Lansburgh,,DIRECTOR
549866,tm24673,Charles L Draper,,DIRECTOR
23438,tm90286,James Algar,,DIRECTOR
23438,tm111322,James Algar,,DIRECTOR
57604,tm95184,Norman Foster,,DIRECTOR
27082,tm15819,Don Bluth,,DIRECTOR
543011,tm10775,Steve Previn,,DIRECTOR
23438,tm47139,James Algar,,DIRECTOR
222248,tm153909,Hollingsworth Morse,,DIRECTOR
534668,tm218826,Jack Speirs,,DIRECTOR
564395,tm60333,Milt Schaffer,,DIRECTOR
36769,tm79554,Norman Tokar,,DIRECTOR
33843,tm107673,Vincent McEveety,,DIRECTOR
44408,tm260657,Gary Nelson,,DIRECTOR
36769,tm10086,Norman Tokar,,DIRECTOR
181427,tm107951,Jack Hannah,,DIRECTOR
181427,tm19308,Jack Hannah,,DIRECTOR
181427,tm61982,Jack Hannah,,DIRECTOR
17303,tm894355,Robert Stevenson,,DIRECTOR
23442,tm894355,Hamilton Luske,,DIRECTOR
222985,tm205517,Bruce Bilson,,DIRECTOR
181427,tm109842,Jack Hannah,,DIRECTOR
13776,tm58414,Ben Sharpsteen,,DIRECTOR
62951,tm123160,Ward Kimball,,DIRECTOR
181427,tm59473,Jack Hannah,,DIRECTOR
133968,tm230979,William Beaudine,,DIRECTOR
23446,tm895685,Wilfred Jackson,,DIRECTOR
133968,tm895685,William Beaudine,,DIRECTOR
181427,tm133398,Jack Hannah,,DIRECTOR
23446,tm918170,Wilfred Jackson,,DIRECTOR
23438,tm109497,James Algar,,DIRECTOR
181427,tm102930,Jack Hannah,,DIRECTOR
210932,tm105638,Charles A. Nichols,,DIRECTOR
17303,tm74573,Robert Stevenson,,DIRECTOR
181427,tm110618,Jack Hannah,,DIRECTOR
181427,tm60664,Jack Hannah,,DIRECTOR
23438,tm137469,James Algar,,DIRECTOR
21736,tm94576,Edward M. Abroms,,DIRECTOR
181427,tm129658,Jack Hannah,,DIRECTOR
210932,tm19229,Charles A. Nichols,,DIRECTOR
1013583,tm757109,John Tracy,,DIRECTOR
23438,tm55594,James Algar,,DIRECTOR
62951,tm106320,Ward Kimball,,DIRECTOR
23442,tm847798,Hamilton Luske,,DIRECTOR
224,tm19438,Rob Reiner,,DIRECTOR
8212,tm147893,Tim Burton,,DIRECTOR
3238,tm49092,Robert Zemeckis,,DIRECTOR
1324,tm47587,Ron Howard,,DIRECTOR
2354,tm21021,Chris Columbus,,DIRECTOR
2224,tm131031,Walter Murch,,DIRECTOR
2354,tm155184,Chris Columbus,,DIRECTOR
2070,tm142764,Joe Johnston,,DIRECTOR
1324,tm173648,Ron Howard,,DIRECTOR
28692,tm116020,Randal Kleiser,,DIRECTOR
6629,tm46793,Steven Lisberger,,DIRECTOR
7368,tm19084,Leonard Nimoy,,DIRECTOR
30898,tm127019,Ted Berman,,DIRECTOR
30903,tm127019,Richard Rich,,DIRECTOR
95490,tm3,Richard Marquand,,DIRECTOR
17614,tm131193,Roger Spottiswoode,,DIRECTOR
6248,tm54457,Jim Abrahams,,DIRECTOR
25699,tm127015,Jim Henson,,DIRECTOR
47330,tm125611,Ken Wheat,,DIRECTOR
47329,tm125611,Jim Wheat,,DIRECTOR
70337,tm171883,John Korty,,DIRECTOR
80322,tm116429,Burny Mattinson,,DIRECTOR
12186,tm116429,Ron Clements,,DIRECTOR
80320,tm116429,David Michener,,DIRECTOR
12184,tm116429,John Musker,,DIRECTOR
111291,ts233,Art Vitello,,DIRECTOR
37537,ts233,Jymn Magon,,DIRECTOR
12184,tm139255,John Musker,,DIRECTOR
12186,tm139255,Ron Clements,,DIRECTOR
89827,tm45667,George Scribner,,DIRECTOR
62870,tm57222,John R. Cherry III,,DIRECTOR
88842,tm128057,Jeremy Kagan,,DIRECTOR
47492,tm156156,Mike Gabriel,,DIRECTOR
47491,tm156156,Hendel Butoy,,DIRECTOR
30898,tm126966,Ted Berman,,DIRECTOR
80318,tm126966,Art Stevens,,DIRECTOR
30903,tm126966,Richard Rich,,DIRECTOR
27540,tm152805,Emile Ardolino,,DIRECTOR
8212,tm164406,Tim Burton,,DIRECTOR
43739,tm146813,Bob Hathcock,,DIRECTOR
25431,tm160651,Nils Gaup,,DIRECTOR
65225,tm23825,Joe Camp,,DIRECTOR
80322,tm66657,Burny Mattinson,,DIRECTOR
33843,tm123092,Vincent McEveety,,DIRECTOR
1986,tm111692,John Lasseter,,DIRECTOR
89827,tm152951,George Scribner,,DIRECTOR
1986,tm135273,John Lasseter,,DIRECTOR
20909,tm126783,Phillip Borsos,,DIRECTOR
458291,tm120517,Alan Shapiro,,DIRECTOR
69621,tm341045,Oz Scott,,DIRECTOR
1986,tm19762,John Lasseter,,DIRECTOR
20437,tm131374,Rob Minkoff,,DIRECTOR
5566,tm131374,Frank Marshall,,DIRECTOR
1986,tm46878,John Lasseter,,DIRECTOR
31752,tm120337,Mick Garris,,DIRECTOR
239525,tm176458,Alvy Ray Smith,,DIRECTOR
143131,tm141214,Jeff Blyth,,DIRECTOR
925,tm117853,Wes Craven,,DIRECTOR
69621,tm26441,Oz Scott,,DIRECTOR
56992,tm874,Gil Junger,,DIRECTOR
2825,tm18191,Bryan Singer,,DIRECTOR
32214,tm189317,Daniel Stern,,DIRECTOR
17056,tm55150,David Lynch,,DIRECTOR
7904,tm19613,Boaz Yakin,,DIRECTOR
10108,tm7861,Jon Turteltaub,,DIRECTOR
3770,tm57184,Nancy Meyers,,DIRECTOR
24221,tm11036,Steven Brill,,DIRECTOR
18789,tm9378,Stephen Herek,,DIRECTOR
2070,tm5330,Joe Johnston,,DIRECTOR
27540,tm124857,Emile Ardolino,,DIRECTOR
29232,tm190977,Sam Weisman,,DIRECTOR
13593,tm26792,Mark Dindal,,DIRECTOR
16778,tm105031,Henry Selick,,DIRECTOR
21412,tm189771,Duwayne Dunham,,DIRECTOR
2115,tm4,George Lucas,,DIRECTOR
7666,tm57241,Raja Gosnell,,DIRECTOR
18789,tm190949,Stephen Herek,,DIRECTOR
10108,tm190696,Jon Turteltaub,,DIRECTOR
16778,tm185041,Henry Selick,,DIRECTOR
18789,tm124456,Stephen Herek,,DIRECTOR
1986,tm14765,John Lasseter,,DIRECTOR
11705,tm113629,Roger Allers,,DIRECTOR
20437,tm113629,Rob Minkoff,,DIRECTOR
32450,tm118953,Rupert Wainwright,,DIRECTOR
24933,tm127070,Kenny Ortega,,DIRECTOR
1986,tm62982,John Lasseter,,DIRECTOR
12186,tm123824,Ron Clements,,DIRECTOR
12184,tm123824,John Musker,,DIRECTOR
20194,tm53427,Rob Marshall,,DIRECTOR
12184,tm191537,John Musker,,DIRECTOR
12186,tm191537,Ron Clements,,DIRECTOR
598592,tm66175,Tony Bancroft,,DIRECTOR
12886,tm66175,Barry Cook,,DIRECTOR
4787,tm103448,Brian Henson,,DIRECTOR
36361,tm6899,Steve Miner,,DIRECTOR
11994,tm105016,Francis Ford Coppola,,DIRECTOR
25178,tm190043,Les Mayfield,,DIRECTOR
15504,tm10470,Kevin Lima,,DIRECTOR
6824,tm44033,Chris Buck,,DIRECTOR
15504,tm44033,Kevin Lima,,DIRECTOR
24933,tm190165,Kenny Ortega,,DIRECTOR
27082,tm109272,Don Bluth,,DIRECTOR
27083,tm109272,Gary Goldman,,DIRECTOR
56046,tm190870,Robert Iscove,,DIRECTOR
2354,tm130837,Chris Columbus,,DIRECTOR
30469,tm184147,Bill Duke,,DIRECTOR
1986,tm40070,John Lasseter,,DIRECTOR
47008,tm9048,Gary Trousdale,,DIRECTOR
87950,tm9048,Kirk Wise,,DIRECTOR
74991,tm119659,Jonathan Prince,,DIRECTOR
63213,tm8912,Holly Goldberg Sloan,,DIRECTOR
10108,tm20705,Jon Turteltaub,,DIRECTOR
4787,tm131129,Brian Henson,,DIRECTOR
18630,tm22497,Eric Leighton,,DIRECTOR
18629,tm22497,Ralph Zondag,,DIRECTOR
21029,tm189664,John Pasquin,,DIRECTOR
25463,tm38184,Robert C. Ramirez,,DIRECTOR
26817,tm62353,Paul Brizzi,,DIRECTOR
10555,tm62353,Don Hahn,,DIRECTOR
80355,tm62353,Eric Goldberg,,DIRECTOR
51399,tm62353,Francis Glebas,,DIRECTOR
47491,tm62353,Hendel Butoy,,DIRECTOR
92302,tm62353,Gaëtan Brizzi,,DIRECTOR
23438,tm62353,James Algar,,DIRECTOR
37057,tm62353,Pixote Hunt,,DIRECTOR
38793,tm12122,James Orr,,DIRECTOR
18789,tm1695,Stephen Herek,,DIRECTOR
21029,tm115014,John Pasquin,,DIRECTOR
47008,tm108880,Gary Trousdale,,DIRECTOR
87950,tm108880,Kirk Wise,,DIRECTOR
80355,tm11864,Eric Goldberg,,DIRECTOR
47492,tm11864,Mike Gabriel,,DIRECTOR
5857,tm189008,Stephen Sommers,,DIRECTOR
14910,tm104563,Paul Michael Glaser,,DIRECTOR
86486,ts20699,Jamie Mitchell,,DIRECTOR
481922,ts43344,Larry Brody,,DIRECTOR
1406526,tm49681,David Kellogg,,DIRECTOR
7666,tm192747,Raja Gosnell,,DIRECTOR
30590,tm63063,Ron Underwood,,DIRECTOR
50250,tm119015,Toby Shelton,,DIRECTOR
49868,tm119015,Tad Stones,,DIRECTOR
82672,tm119015,Alan Zaslove,,DIRECTOR
28692,tm130852,Randal Kleiser,,DIRECTOR
29232,tm117838,Sam Weisman,,DIRECTOR
15018,tm14980,Peter Hewitt,,DIRECTOR
28692,tm12374,Randal Kleiser,,DIRECTOR
49868,tm111327,Tad Stones,,DIRECTOR
20777,tm113048,David R. Ellis,,DIRECTOR
20484,tm39792,Donald Petrie,,DIRECTOR
71287,tm10920,Michael Gottlieb,,DIRECTOR
23286,tm11400,Simon Wincer,,DIRECTOR
23585,tm192728,Stanley Tong,,DIRECTOR
28000,tm67505,Darrell Rooney,,DIRECTOR
25463,tm61321,Robert C. Ramirez,,DIRECTOR
63406,tm43588,Steve Boyum,,DIRECTOR
70336,tm113590,Charles Haid,,DIRECTOR
21412,tm42549,Duwayne Dunham,,DIRECTOR
23045,tm104241,David M. Evans,,DIRECTOR
38590,tm24436,Douglas McCarthy,,DIRECTOR
599755,tm61632,Greg Beeman,,DIRECTOR
253342,tm51884,Maurice Joyce,,DIRECTOR
47337,tm110769,Rob Lieberman,,DIRECTOR
7047,tm191826,Dean Cundey,,DIRECTOR
12814,tm13851,Jeremiah S. Chechik,,DIRECTOR
80081,tm187779,James Lapine,,DIRECTOR
65453,tm118708,Ken Olin,,DIRECTOR
15504,tm560,Kevin Lima,,DIRECTOR
65291,tm193086,Xavier Koller,,DIRECTOR
22057,tm190553,Karl Geurs,,DIRECTOR
19503,tm22933,Jun Falkenstein,,DIRECTOR
40309,tm51489,Kenneth Johnson,,DIRECTOR
21166,tm18863,Jim Kammerud,,DIRECTOR
132805,tm63109,Ken Cameron,,DIRECTOR
16936,tm53567,LeVar Burton,,DIRECTOR
40309,tm64295,Kenneth Johnson,,DIRECTOR
435910,tm65486,Euzhan Palcy,,DIRECTOR
42022,tm192276,Andrew Knight,,DIRECTOR
50251,tm46480,Bill Speers,,DIRECTOR
50250,tm46480,Toby Shelton,,DIRECTOR
15681,tm46480,Bradley Raymond,,DIRECTOR
19503,tm46480,Jun Falkenstein,,DIRECTOR
914893,tm46480,Alex Mann,,DIRECTOR
103409,tm56602,Arlene Sanford,,DIRECTOR
181880,tm52742,Keith Ingham,,DIRECTOR
24366,tm23725,Kevin Hooks,,DIRECTOR
207799,tm60240,Rod Daniel,,DIRECTOR
63950,tm191851,Bob Spiers,,DIRECTOR
599755,tm39132,Greg Beeman,,DIRECTOR
379059,tm17532,Theodore Thomas,,DIRECTOR
66345,tm56569,Paul Schneider,,DIRECTOR
159012,tm52424,John Murlowski,,DIRECTOR
5657,tm22055,Ralph Eggleston,,DIRECTOR
115696,tm54352,Dale Case,,DIRECTOR
115697,tm54352,Cullen Blaine,,DIRECTOR
63406,tm49771,Steve Boyum,,DIRECTOR
207799,tm21420,Rod Daniel,,DIRECTOR
21412,tm61627,Duwayne Dunham,,DIRECTOR
49651,tm64787,Nick Marck,,DIRECTOR
73538,tm17754,Robert Townsend,,DIRECTOR
33866,tm192613,Jan Pinkava,,DIRECTOR
66345,tm56857,Paul Schneider,,DIRECTOR
599755,tm29703,Greg Beeman,,DIRECTOR
109488,tm27619,Blair Treu,,DIRECTOR
15681,tm49485,Bradley Raymond,,DIRECTOR
82829,tm49485,Tom Ellery,,DIRECTOR
127872,tm24519,Joyce Chopra,,DIRECTOR
12886,tm186295,Barry Cook,,DIRECTOR
63406,tm22701,Steve Boyum,,DIRECTOR
21412,tm19899,Duwayne Dunham,,DIRECTOR
266810,tm24952,Dereck Joubert,,DIRECTOR
599755,tm19463,Greg Beeman,,DIRECTOR
63406,tm19235,Steve Boyum,,DIRECTOR
118823,tm17610,Bill Corcoran,,DIRECTOR
67817,tm7772,Daniel Petrie,,DIRECTOR
3447,tm133512,Gore Verbinski,,DIRECTOR
3156,tm135853,James Cameron,,DIRECTOR
10108,tm90391,Jon Turteltaub,,DIRECTOR
4665,tm151348,Wes Anderson,,DIRECTOR
590681,tm22112,Shawn Levy,,DIRECTOR
2354,tm90273,Chris Columbus,,DIRECTOR
10108,tm79327,Jon Turteltaub,,DIRECTOR
3447,tm31764,Gore Verbinski,,DIRECTOR
10791,tm138563,Andrew Davis,,DIRECTOR
5667,tm180742,Andrew Adamson,,DIRECTOR
1681,tm51227,Jon Favreau,,DIRECTOR
8212,tm100267,Tim Burton,,DIRECTOR
4795,tm25151,Andrew Stanton,,DIRECTOR
4685,tm116550,Chris Wedge,,DIRECTOR
12471,tm48427,Garry Marshall,,DIRECTOR
6623,tm99496,Joseph Kosinski,,DIRECTOR
9103,tm170269,Tim Story,,DIRECTOR
34150,tm99086,Randall Wallace,,DIRECTOR
3447,tm84873,Gore Verbinski,,DIRECTOR
15504,tm84668,Kevin Lima,,DIRECTOR
2222,tm70557,Brad Bird,,DIRECTOR
12184,tm103874,John Musker,,DIRECTOR
12186,tm103874,Ron Clements,,DIRECTOR
590681,tm137900,Shawn Levy,,DIRECTOR
18336,tm150254,Mark Waters,,DIRECTOR
594967,tm90577,Gavin O'Connor,,DIRECTOR
11146,tm154915,Gavin Hood,,DIRECTOR
10108,tm102214,Jon Turteltaub,,DIRECTOR
2222,tm84505,Brad Bird,,DIRECTOR
14035,tm68154,Peter Hedges,,DIRECTOR
2825,tm136160,Bryan Singer,,DIRECTOR
4792,tm153612,Pete Docter,,DIRECTOR
30815,tm76258,Tim Hill,,DIRECTOR
590681,tm142274,Shawn Levy,,DIRECTOR
19725,tm177722,Mike Mitchell,,DIRECTOR
12387,tm106045,Thor Freudenthal,,DIRECTOR
1681,tm92312,Jon Favreau,,DIRECTOR
4795,tm135549,Andrew Stanton,,DIRECTOR
21549,tm38852,Jimmy Hayward,,DIRECTOR
21550,tm38852,Steve Martino,,DIRECTOR
9898,tm96866,Mike Newell,,DIRECTOR
1986,tm31341,John Lasseter,,DIRECTOR
5493,tm75152,David Silverman,,DIRECTOR
87950,tm29915,Kirk Wise,,DIRECTOR
47008,tm29915,Gary Trousdale,,DIRECTOR
7026,tm120806,John Lee Hancock,,DIRECTOR
15018,tm87455,Peter Hewitt,,DIRECTOR
15932,tm138383,P.J. Hogan,,DIRECTOR
6896,tm114448,Chris Sanders,,DIRECTOR
6895,tm114448,Dean DeBlois,,DIRECTOR
26617,tm177274,Wayne Wang,,DIRECTOR
4792,tm37560,Pete Docter,,DIRECTOR
5763,tm38375,Brett Ratner,,DIRECTOR
23045,tm163433,David M. Evans,,DIRECTOR
2115,tm6,George Lucas,,DIRECTOR
6780,tm68147,Stephen J. Anderson,,DIRECTOR
13593,tm179262,Mark Dindal,,DIRECTOR
5862,tm183058,Bill Paxton,,DIRECTOR
3889,tm21946,Ericson Core,,DIRECTOR
9816,tm103181,Andy Fickman,,DIRECTOR
70223,tm94814,Alex Kirby,,DIRECTOR
2115,tm5,George Lucas,,DIRECTOR
5667,tm54852,Andrew Adamson,,DIRECTOR
592059,tm100894,Byron Howard,,DIRECTOR
12056,tm100894,Nathan Greno,,DIRECTOR
12719,tm63076,Adam Shankman,,DIRECTOR
45416,tm35022,James Gartner,,DIRECTOR
15190,tm34558,Dave Filoni,,DIRECTOR
79015,tm35085,Stefen Fangmeier,,DIRECTOR
12719,tm164391,Adam Shankman,,DIRECTOR
4689,tm145443,Carlos Saldanha,,DIRECTOR
4689,tm26315,Carlos Saldanha,,DIRECTOR
1556,tm76049,Frank Coraci,,DIRECTOR
20437,tm137650,Rob Minkoff,,DIRECTOR
36959,tm98015,Julie Anne Robinson,,DIRECTOR
5491,tm101226,Lee Unkrich,,DIRECTOR
9816,tm142670,Andy Fickman,,DIRECTOR
12471,tm88315,Garry Marshall,,DIRECTOR
69913,tm168452,Angela Robinson,,DIRECTOR
6779,tm35821,Chris Williams,,DIRECTOR
592059,tm35821,Byron Howard,,DIRECTOR
24933,tm22511,Kenny Ortega,,DIRECTOR
12186,tm149656,Ron Clements,,DIRECTOR
12184,tm149656,John Musker,,DIRECTOR
67115,tm114449,John Schultz,,DIRECTOR
27532,tm116982,Jay Russell,,DIRECTOR
57947,tm78798,Sara Sugarman,,DIRECTOR
93859,tm133143,Jim Fall,,DIRECTOR
9816,tm83783,Andy Fickman,,DIRECTOR
363244,tm99562,Lucas Jansen,,DIRECTOR
363243,tm99562,Adam Kurland,,DIRECTOR
5566,tm33681,Frank Marshall,,DIRECTOR
12519,tm149926,Hoyt Yeatman,,DIRECTOR
22432,tm89928,Ron Shelton,,DIRECTOR
600558,tm140670,Aaron Blaise,,DIRECTOR
89357,tm140670,Robert Walker,,DIRECTOR
30815,tm45773,Tim Hill,,DIRECTOR
12719,tm174016,Adam Shankman,,DIRECTOR
58316,tm80509,William Dear,,DIRECTOR
2112,tm35227,Steve 'Spaz' Williams,,DIRECTOR
26509,tm79318,Frederik Du Chau,,DIRECTOR
50250,tm130398,Toby Shelton,,DIRECTOR
25921,tm130398,Victor Cook,,DIRECTOR
49868,tm130398,Tad Stones,,DIRECTOR
415519,tm85690,Edith Becker,,DIRECTOR
108786,tm85690,Kevin Burns,,DIRECTOR
16133,tm43816,Michael Mayer,,DIRECTOR
5651,tm33396,Angus MacLane,,DIRECTOR
24933,tm75304,Kenny Ortega,,DIRECTOR
185518,tm113299,Maggie Greenwald,,DIRECTOR
28065,tm103634,Jacques Perrin,,DIRECTOR
207799,tm119928,Rod Daniel,,DIRECTOR
24538,tm106578,Brian Levant,,DIRECTOR
45682,tm82585,John Sanford,,DIRECTOR
50723,tm82585,Will Finn,,DIRECTOR
7666,tm59648,Raja Gosnell,,DIRECTOR
15681,tm42168,Bradley Raymond,,DIRECTOR
3238,tm130738,Robert Zemeckis,,DIRECTOR
18532,tm90465,Saul Blinkoff,,DIRECTOR
18533,tm90465,Elliot M. Bour,,DIRECTOR
172714,tm27689,Matthew Diamond,,DIRECTOR
57663,tm46997,Kirk R. Thatcher,,DIRECTOR
94326,tm164059,Tim Fywell,,DIRECTOR
362656,tm102647,Cruz Angeles,,DIRECTOR
82593,tm170370,Michael LaBash,,DIRECTOR
82594,tm170370,Tony Leondis,,DIRECTOR
15681,tm87748,Bradley Raymond,,DIRECTOR
24933,tm51636,Kenny Ortega,,DIRECTOR
27904,tm20982,Michael Lembeck,,DIRECTOR
22684,tm163905,Frank Nissen,,DIRECTOR
3156,tm167908,James Cameron,,DIRECTOR
24433,tm167908,Steven Quale,,DIRECTOR
41212,tm109381,Robin Budd,,DIRECTOR
41213,tm109381,Donovan Cook,,DIRECTOR
58659,tm102355,Michael Grossman,,DIRECTOR
30815,tm36356,Tim Hill,,DIRECTOR
92725,tm84562,Donovan Cook,,DIRECTOR
410178,tm41029,Tony Craig,,DIRECTOR
36748,tm41029,Roberts Gannaway,,DIRECTOR
29739,tm41971,Robert Vince,,DIRECTOR
10555,tm145073,Don Hahn,,DIRECTOR
72206,tm118928,Peter Hastings,,DIRECTOR
28000,tm87510,Darrell Rooney,,DIRECTOR
28003,tm87510,Lynne Southerland,,DIRECTOR
36748,tm133130,Roberts Gannaway,,DIRECTOR
410178,tm133130,Tony Craig,,DIRECTOR
20730,tm137921,Peter Chelsom,,DIRECTOR
294730,tm98659,Bill Couturié,,DIRECTOR
25922,tm163867,Steve Loter,,DIRECTOR
591463,tm169471,Kathleen Marshall,,DIRECTOR
63406,tm30856,Steve Boyum,,DIRECTOR
27904,tm121010,Michael Lembeck,,DIRECTOR
96322,tm184353,Gary Chapman,,DIRECTOR
39616,tm149585,Allison Liddi-Brown,,DIRECTOR
48796,tm84279,Leslie Iwerks,,DIRECTOR
103939,tm52052,Matthew Aeberhard,,DIRECTOR
103940,tm52052,Leander Ward,,DIRECTOR
18534,tm184238,Robin Steele,,DIRECTOR
18532,tm184238,Saul Blinkoff,,DIRECTOR
18533,tm184238,Elliot M. Bour,,DIRECTOR
55435,tm42665,Chuck Sheetz,,DIRECTOR
21167,tm166137,Brian Smith,,DIRECTOR
14965,tm44434,Peggy Holmes,,DIRECTOR
52813,tm305209,Rob Gibbs,,DIRECTOR
1986,tm305209,John Lasseter,,DIRECTOR
375923,tm305209,Victor Navone,,DIRECTOR
50110,tm148606,Lev L. Spiro,,DIRECTOR
15681,tm97467,Bradley Raymond,,DIRECTOR
29739,tm149604,Robert Vince,,DIRECTOR
61135,tm114043,David Grossman,,DIRECTOR
26816,tm33025,Brian Pimental,,DIRECTOR
40515,tm89348,Paul Hoen,,DIRECTOR
22056,tm135875,Steve Trenbirth,,DIRECTOR
51296,tm138521,Alex Zamm,,DIRECTOR
51399,tm130570,Francis Glebas,,DIRECTOR
43538,tm50237,Mary Lambert,,DIRECTOR
33870,tm140455,Stuart Gillard,,DIRECTOR
19833,tm118930,John Kafka,,DIRECTOR
12028,tm151507,Klay Hall,,DIRECTOR
25923,ts22091,Don MacKinnon,,DIRECTOR
170282,ts22091,David Hartman,,DIRECTOR
29739,tm100013,Robert Vince,,DIRECTOR
40515,tm55791,Paul Hoen,,DIRECTOR
28000,tm43840,Darrell Rooney,,DIRECTOR
15683,tm43840,Jeannine Roussel,,DIRECTOR
57044,tm118639,Larry Shaw,,DIRECTOR
29739,tm137667,Robert Vince,,DIRECTOR
25923,tm115095,Don MacKinnon,,DIRECTOR
25921,tm115095,Victor Cook,,DIRECTOR
25924,tm115095,Lisa Schaffer,,DIRECTOR
25922,tm115095,Steve Loter,,DIRECTOR
22684,tm74862,Frank Nissen,,DIRECTOR
54328,tm93041,Steve Rash,,DIRECTOR
182103,tm26958,David Jackson,,DIRECTOR
40515,tm78580,Paul Hoen,,DIRECTOR
82104,tm22646,Ben Gluck,,DIRECTOR
15681,tm109078,Bradley Raymond,,DIRECTOR
21166,tm2125,Jim Kammerud,,DIRECTOR
21167,tm2125,Brian Smith,,DIRECTOR
1986,tm97013,John Lasseter,,DIRECTOR
52813,tm97013,Rob Gibbs,,DIRECTOR
33870,tm185472,Stuart Gillard,,DIRECTOR
63031,tm35977,David Nelson,,DIRECTOR
48814,tm89841,Mark A.Z. Dippé,,DIRECTOR
2296125,tm84442,Timothy Björklund,,DIRECTOR
1986,tm43952,John Lasseter,,DIRECTOR
52813,tm43952,Rob Gibbs,,DIRECTOR
375923,tm43952,Victor Navone,,DIRECTOR
25816,tm36111,Gary Rydstrom,,DIRECTOR
2222,tm172969,Brad Bird,,DIRECTOR
1986,tm138041,John Lasseter,,DIRECTOR
52813,tm138041,Rob Gibbs,,DIRECTOR
40515,tm33904,Paul Hoen,,DIRECTOR
107988,tm185245,Francine McDougall,,DIRECTOR
24933,tm27800,Kenny Ortega,,DIRECTOR
69621,tm138227,Oz Scott,,DIRECTOR
28882,tm48496,Doug Sweetland,,DIRECTOR
73320,tm118766,Gary Katona,,DIRECTOR
73321,tm118766,Ed Wexler,,DIRECTOR
86486,tm118766,Jamie Mitchell,,DIRECTOR
21412,tm163426,Duwayne Dunham,,DIRECTOR
14299,tm40817,Roger Kumble,,DIRECTOR
40515,tm103939,Paul Hoen,,DIRECTOR
2280,tm156660,Peter Sohn,,DIRECTOR
107988,tm28463,Francine McDougall,,DIRECTOR
76079,tm144844,Ronnie del Carmen,,DIRECTOR
48530,tm53948,Mark Monroe,,DIRECTOR
53524,tm80921,Savage Steve Holland,,DIRECTOR
4792,tm113905,Pete Docter,,DIRECTOR
38430,tm113905,Roger Gould,,DIRECTOR
33870,tm84173,Stuart Gillard,,DIRECTOR
472677,tm32146,John Laing,,DIRECTOR
104823,tm146421,Gregory V. Sherman,,DIRECTOR
104824,tm146421,Jeff Sherman,,DIRECTOR
4775,tm90911,Teddy Newton,,DIRECTOR
96888,tm75293,Jim Capobianco,,DIRECTOR
98542,tm338281,Howy Parkins,,DIRECTOR
1986,tm27265,John Lasseter,,DIRECTOR
375923,tm42743,Victor Navone,,DIRECTOR
52813,tm42743,Rob Gibbs,,DIRECTOR
1986,tm42743,John Lasseter,,DIRECTOR
37413,tm103593,Mark L. Taylor,,DIRECTOR
3454,tm30316,Bruce Hendricks,,DIRECTOR
33870,tm115596,Stuart Gillard,,DIRECTOR
423240,tm135648,Brenda Piluso,,DIRECTOR
98542,tm135648,Howy Parkins,,DIRECTOR
112441,tm108005,Ramón Menéndez,,DIRECTOR
179737,tm141309,Ralph Hemecker,,DIRECTOR
21412,tm119103,Duwayne Dunham,,DIRECTOR
40515,tm145752,Paul Hoen,,DIRECTOR
52813,tm92184,Rob Gibbs,,DIRECTOR
1986,tm92184,John Lasseter,,DIRECTOR
40515,tm147121,Paul Hoen,,DIRECTOR
115453,tm42235,Michael Lange,,DIRECTOR
50110,tm28759,Lev L. Spiro,,DIRECTOR
337169,tm132504,Stevie Wermers,,DIRECTOR
89342,tm132504,Kevin Deters,,DIRECTOR
40515,tm33408,Paul Hoen,,DIRECTOR
111989,tm46442,Michael Switzer,,DIRECTOR
4791,tm138168,Bud Luckey,,DIRECTOR
55849,tm77963,Eric Bross,,DIRECTOR
66437,tm44379,Christopher Spencer,,DIRECTOR
601757,tm186208,Bruce W. Smith,,DIRECTOR
6937,tm129695,Sean McNamara,,DIRECTOR
21412,tm80896,Duwayne Dunham,,DIRECTOR
396564,tm71993,Frankie Chung,,DIRECTOR
46275,tm71993,Jon M. Chu,,DIRECTOR
21166,tm30433,Jim Kammerud,,DIRECTOR
3454,tm150525,Bruce Hendricks,,DIRECTOR
89342,tm93001,Kevin Deters,,DIRECTOR
337169,tm93001,Stevie Wermers,,DIRECTOR
52813,tm96601,Rob Gibbs,,DIRECTOR
1321,tm85123,Matthew O'Callaghan,,DIRECTOR
47011,tm85123,Theresa Cullen,,DIRECTOR
14965,tm85123,Peggy Holmes,,DIRECTOR
99672,tm85123,Carole Holliday,,DIRECTOR
366556,tm133875,Dominique Monfery,,DIRECTOR
52207,tm26534,George Butler,,DIRECTOR
23286,tm130402,Simon Wincer,,DIRECTOR
33870,tm143422,Stuart Gillard,,DIRECTOR
86416,tm34566,Manny Coto,,DIRECTOR
4798,tm168266,Mark Andrews,,DIRECTOR
4821,tm168266,Andrew Jimenez,,DIRECTOR
1986,tm49618,John Lasseter,,DIRECTOR
52813,tm49618,Rob Gibbs,,DIRECTOR
375923,tm49618,Victor Navone,,DIRECTOR
70336,tm179424,Charles Haid,,DIRECTOR
11705,tm26303,Roger Allers,,DIRECTOR
52813,tm97996,Rob Gibbs,,DIRECTOR
48814,tm79179,Mark A.Z. Dippé,,DIRECTOR
12056,tm153529,Nathan Greno,,DIRECTOR
40515,tm130492,Paul Hoen,,DIRECTOR
65745,tm81543,Jon Long,,DIRECTOR
12967,tm767,Nick Castle,,DIRECTOR
145694,tm69497,Ron Lagomarsino,,DIRECTOR
33870,tm77376,Stuart Gillard,,DIRECTOR
368645,tm138513,Yu Zhong,,DIRECTOR
379059,tm43035,Theodore Thomas,,DIRECTOR
21412,tm144792,Duwayne Dunham,,DIRECTOR
599755,tm112696,Greg Beeman,,DIRECTOR
182103,tm167139,David Jackson,,DIRECTOR
27047,tm33832,Neal Israel,,DIRECTOR
27047,tm51679,Neal Israel,,DIRECTOR
363792,tm155287,Adam Geiger,,DIRECTOR
5789,tm145649,Josh Cooley,,DIRECTOR
152,tm96153,Sue Houghton,,DIRECTOR
417980,tm87072,Louis Schwartsberg,,DIRECTOR
20194,tm173805,Rob Marshall,,DIRECTOR
4507,tm165634,Matthew Vaughn,,DIRECTOR
1875,tm64957,Joss Whedon,,DIRECTOR
12063,tm171064,Kenneth Branagh,,DIRECTOR
4795,tm72333,Andrew Stanton,,DIRECTOR
2070,tm162906,Joe Johnston,,DIRECTOR
1960,tm30584,Rich Moore,,DIRECTOR
14653,tm64880,Curtis Hanson,,DIRECTOR
38423,tm64880,Michael Apted,,DIRECTOR
21604,tm37884,Anthony Hemingway,,DIRECTOR
12423,tm167877,Cameron Crowe,,DIRECTOR
22879,tm183353,Kelly Asbury,,DIRECTOR
5790,tm51645,Brenda Chapman,,DIRECTOR
4798,tm51645,Mark Andrews,,DIRECTOR
15791,tm164345,James Bobin,,DIRECTOR
12055,tm160213,Don Hall,,DIRECTOR
6780,tm160213,Stephen J. Anderson,,DIRECTOR
230287,ts20443,Charlie Bean,,DIRECTOR
8212,tm63238,Tim Burton,,DIRECTOR
78745,tm57906,Mike Thurmeier,,DIRECTOR
21550,tm57906,Steve Martino,,DIRECTOR
1986,tm171776,John Lasseter,,DIRECTOR
22799,tm68246,David Bowers,,DIRECTOR
22799,tm184724,David Bowers,,DIRECTOR
56706,tm162604,Patricia Riggen,,DIRECTOR
12056,tm69592,Nathan Greno,,DIRECTOR
592059,tm69592,Byron Howard,,DIRECTOR
98542,ts20677,Howy Parkins,,DIRECTOR
16846,tm168978,Simon Wells,,DIRECTOR
336128,tm173830,Leythum,,DIRECTOR
14035,tm72065,Peter Hedges,,DIRECTOR
49817,tm182291,James Hayman,,DIRECTOR
318276,tm33264,Brian Larsen,,DIRECTOR
336128,tm173864,Leythum,,DIRECTOR
30964,tm178393,Karen Disher,,DIRECTOR
15018,tm62110,Peter Hewitt,,DIRECTOR
1879,tm36299,Louis D'Esposito,,DIRECTOR
13471,tm181060,Joe Nussbaum,,DIRECTOR
35647,tm167801,Jeffrey Hornaday,,DIRECTOR
336734,tm1104541,Christian Baumeister,,DIRECTOR
2097298,tm1104511,Toral Dixit,,DIRECTOR
33870,tm96967,Stuart Gillard,,DIRECTOR
82263,tm42177,John Kahrs,,DIRECTOR
51296,tm170713,Alex Zamm,,DIRECTOR
116621,ts22188,Martín Saban,,DIRECTOR
116619,ts22188,Jorge Nisco,,DIRECTOR
36748,tm69207,Roberts Gannaway,,DIRECTOR
14965,tm69207,Peggy Holmes,,DIRECTOR
34134,tm170139,Dan Povenmire,,DIRECTOR
34136,tm170139,Robert Hughes,,DIRECTOR
244466,tm70151,Maura Mandt,,DIRECTOR
262418,tm70151,Josh Swade,,DIRECTOR
5651,tm166632,Angus MacLane,,DIRECTOR
35602,tm45440,Alastair Fothergill,,DIRECTOR
35601,tm45440,Mark Linfield,,DIRECTOR
56687,tm56951,Daisy von Scherler Mayer,,DIRECTOR
160044,tm160861,Louie Schwartzberg,,DIRECTOR
5493,tm59057,David Silverman,,DIRECTOR
27904,tm165063,Michael Lembeck,,DIRECTOR
6937,tm176323,Sean McNamara,,DIRECTOR
50110,tm68510,Lev L. Spiro,,DIRECTOR
180215,tm68188,Doug Shultz,,DIRECTOR
56992,tm174926,Gil Junger,,DIRECTOR
25816,tm183850,Gary Rydstrom,,DIRECTOR
40515,tm69711,Paul Hoen,,DIRECTOR
33870,tm40501,Stuart Gillard,,DIRECTOR
36112,tm64436,Mark A. Walsh,,DIRECTOR
29862,tm164519,Enrico Casarosa,,DIRECTOR
103409,tm160178,Arlene Sanford,,DIRECTOR
52813,tm32685,Rob Gibbs,,DIRECTOR
35602,tm173633,Alastair Fothergill,,DIRECTOR
47749,tm173633,Keith Scholey,,DIRECTOR
29739,tm166883,Robert Vince,,DIRECTOR
52813,tm172720,Rob Gibbs,,DIRECTOR
1609794,ts78066,Duncan Chard,,DIRECTOR
40515,tm38369,Paul Hoen,,DIRECTOR
29739,tm35507,Robert Vince,,DIRECTOR
337169,tm184543,Stevie Wermers,,DIRECTOR
89342,tm184543,Kevin Deters,,DIRECTOR
337169,tm166745,Stevie Wermers,,DIRECTOR
89342,tm166745,Kevin Deters,,DIRECTOR
29739,tm71403,Robert Vince,,DIRECTOR
1512024,ts171975,Matt Currington,,DIRECTOR
267949,tm274612,Molly Hermann,,DIRECTOR
20194,tm157149,Rob Marshall,,DIRECTOR
12144,tm140097,James Gunn,,DIRECTOR
2825,tm155402,Bryan Singer,,DIRECTOR
8127,tm141973,Josh Boone,,DIRECTOR
17341,tm151689,Jorge R. Gutierrez,,DIRECTOR
12055,tm148170,Don Hall,,DIRECTOR
6779,tm148170,Chris Williams,,DIRECTOR
1828,tm179159,Alan Taylor,,DIRECTOR
590681,tm153184,Shawn Levy,,DIRECTOR
7026,tm168780,John Lee Hancock,,DIRECTOR
14982,tm177964,Shane Black,,DIRECTOR
28805,tm159149,Anthony Russo,,DIRECTOR
28806,tm159149,Joe Russo,,DIRECTOR
6806,tm181359,Jennifer Lee,,DIRECTOR
6824,tm181359,Chris Buck,,DIRECTOR
23485,tm143057,Ryan Fleck,,DIRECTOR
1879,tm185712,Louis D'Esposito,,DIRECTOR
16441,tm145004,Miguel Arteta,,DIRECTOR
9879,tm186511,Dan Scanlon,,DIRECTOR
15791,tm150979,James Bobin,,DIRECTOR
12028,tm166468,Klay Hall,,DIRECTOR
35647,tm165905,Jeffrey Hornaday,,DIRECTOR
25922,tm139597,Steve Loter,,DIRECTOR
184996,tm162413,Mario Diaz,,DIRECTOR
108460,tm188534,Victor Gonzalez,,DIRECTOR
5651,tm159620,Angus MacLane,,DIRECTOR
87064,tm163543,Drew Pearce,,DIRECTOR
35602,tm160932,Alastair Fothergill,,DIRECTOR
47749,tm160932,Keith Scholey,,DIRECTOR
28020,tm155023,Steve Purcell,,DIRECTOR
412947,ts75141,Kevin Bachar,,DIRECTOR
40356,tm152954,Peter DeLuise,,DIRECTOR
48315,tm154041,Leo Riley,,DIRECTOR
591174,tm270622,Crispin Sadler,,DIRECTOR
51296,tm149931,Alex Zamm,,DIRECTOR
34136,tm241486,Robert Hughes,,DIRECTOR
184844,tm241486,Sue Perrotto,,DIRECTOR
48314,tm179151,Eric Radomski,,DIRECTOR
48315,tm179151,Leo Riley,,DIRECTOR
102687,tm142414,James Ford Murphy,,DIRECTOR
36748,tm145734,Roberts Gannaway,,DIRECTOR
83126,tm141959,Patrick Osborne,,DIRECTOR
29739,tm165250,Robert Vince,,DIRECTOR
89347,tm178844,Lauren MacMullan,,DIRECTOR
40515,tm159764,Paul Hoen,,DIRECTOR
14965,tm150467,Peggy Holmes,,DIRECTOR
265556,tm162567,George Simon,,DIRECTOR
269614,tm188023,Rory Karpf,,DIRECTOR
275857,tm143693,Kelsey Mann,,DIRECTOR
34136,tm188208,Robert Hughes,,DIRECTOR
184844,tm188208,Sue Perrotto,,DIRECTOR
297171,tm177819,Jeremy Lasky,,DIRECTOR
603796,tm342433,James Reed,,DIRECTOR
297171,tm173896,Jeremy Lasky,,DIRECTOR
104458,tm161686,Jonathan Hock,,DIRECTOR
304009,ts222742,Thomas Behrend,,DIRECTOR
19320,tm150667,Zak Knutson,,DIRECTOR
40726,tm835242,Michael Hegner,,DIRECTOR
40726,tm230506,Michael Hegner,,DIRECTOR
297171,tm175699,Jeremy Lasky,,DIRECTOR
40515,tm134986,Paul Hoen,,DIRECTOR
61380,tm163710,Saschka Unseld,,DIRECTOR
52813,tm142627,Rob Gibbs,,DIRECTOR
40726,tm330785,Michael Hegner,,DIRECTOR
881605,tm516136,Neil Gelinas,,DIRECTOR
12827,tm123360,Scott Derrickson,,DIRECTOR
7107,tm236713,Theodore Melfi,,DIRECTOR
730381,ts42062,Thomas Astruc,,DIRECTOR
1960,tm122337,Rich Moore,,DIRECTOR
592059,tm122337,Byron Howard,,DIRECTOR
4792,tm135902,Pete Docter,,DIRECTOR
8212,tm120376,Tim Burton,,DIRECTOR
12184,tm120111,John Musker,,DIRECTOR
12186,tm120111,Ron Clements,,DIRECTOR
27070,tm202481,Gareth Edwards,,DIRECTOR
2535,tm139213,Simon Kinberg,,DIRECTOR
5381,tm139213,Josh Trank,,DIRECTOR
1505522,tm139213,Steven E. Rivkin,,DIRECTOR
28805,tm123356,Anthony Russo,,DIRECTOR
28806,tm123356,Joe Russo,,DIRECTOR
2825,tm122347,Bryan Singer,,DIRECTOR
11427,tm141020,Peyton Reed,,DIRECTOR
26827,tm124355,Craig Gillespie,,DIRECTOR
1875,tm141000,Joss Whedon,,DIRECTOR
24415,tm138110,Niki Caro,,DIRECTOR
3532,tm7,J.J. Abrams,,DIRECTOR
15791,tm1941,James Bobin,,DIRECTOR
47876,tm123155,David Lowery,,DIRECTOR
2280,tm141414,Peter Sohn,,DIRECTOR
5454,tm1832,Walt Becker,,DIRECTOR
24933,tm211971,Kenny Ortega,,DIRECTOR
4624,tm268063,Fisher Stevens,,DIRECTOR
1681,tm143708,Jon Favreau,,DIRECTOR
4795,tm123374,Andrew Stanton,,DIRECTOR
27028,tm239761,Mira Nair,,DIRECTOR
1996971,tm244485,Ricardo Curtis,,DIRECTOR
20352,tm244542,Taika Waititi,,DIRECTOR
8555,tm233459,Judd Apatow,,DIRECTOR
34336,tm233459,Michael Bonfiglio,,DIRECTOR
78745,tm120502,Mike Thurmeier,,DIRECTOR
1023428,ts41293,Claudio Norza,,DIRECTOR
47749,tm327660,Keith Scholey,,DIRECTOR
35601,tm327660,Mark Linfield,,DIRECTOR
25816,tm136025,Gary Rydstrom,,DIRECTOR
255490,tm233677,Ken Rodgers,,DIRECTOR
407310,ts44984,Eric Fogel,,DIRECTOR
205111,ts42911,Chad Cohen,,DIRECTOR
116621,ts38952,Martín Saban,,DIRECTOR
116619,ts38952,Jorge Nisco,,DIRECTOR
884491,ts38952,Rodolfo Antúnez,,DIRECTOR
276594,tm460321,Bettina Dalton,,DIRECTOR
991609,tm460321,Rebecca Vallis,,DIRECTOR
269614,tm201422,Rory Karpf,,DIRECTOR
2331258,ts128367,강경훈,,DIRECTOR
604631,tm324556,Jobim Sampson,,DIRECTOR
5789,tm220843,Josh Cooley,,DIRECTOR
67115,tm225765,John Schultz,,DIRECTOR
932818,tm425918,Jay Hatcher,,DIRECTOR
35647,tm196874,Jeffrey Hornaday,,DIRECTOR
206163,tm242665,Alan Barillaro,,DIRECTOR
66544,tm266783,Jay Karas,,DIRECTOR
35601,tm138090,Mark Linfield,,DIRECTOR
35602,tm138090,Alastair Fothergill,,DIRECTOR
6824,tm197779,Chris Buck,,DIRECTOR
6806,tm197779,Jennifer Lee,,DIRECTOR
93015,tm233558,Mitch Schauer,,DIRECTOR
250062,tm212899,Sanjay Patel,,DIRECTOR
211219,tm242701,Chip Rives,,DIRECTOR
69697,tm220989,Lu Chuan,,DIRECTOR
104458,tm198588,Jonathan Hock,,DIRECTOR
9010,ts142375,Dan O'Connor,,DIRECTOR
244651,ts142375,Pete Michels,,DIRECTOR
40515,tm225769,Paul Hoen,,DIRECTOR
239962,tm245709,Leo Matsuda,,DIRECTOR
130310,tm443975,Dave Wasson,,DIRECTOR
192081,tm443975,Alonso Ramirez Ramos,,DIRECTOR
590682,tm136528,Erik Canuel,,DIRECTOR
353133,tm218654,Dean Wellins,,DIRECTOR
94915,tm289079,Brandon Hill,,DIRECTOR
1544590,tm921369,Jeremy Turner,,DIRECTOR
230014,tm120596,Michael Gracey,,DIRECTOR
43964,tm407114,Jimmy Chin,,DIRECTOR
43966,tm407114,Elizabeth Chai Vasarhelyi,,DIRECTOR
4665,tm244151,Wes Anderson,,DIRECTOR
46164,tm387,Espen Sandberg,,DIRECTOR
46163,tm387,Joachim Rønning,,DIRECTOR
20352,tm12119,Taika Waititi,,DIRECTOR
28805,tm591,Anthony Russo,,DIRECTOR
28806,tm591,Joe Russo,,DIRECTOR
1324,tm215172,Ron Howard,,DIRECTOR
3172,tm418,Ryan Coogler,,DIRECTOR
12144,tm386,James Gunn,,DIRECTOR
11427,tm227990,Peyton Reed,,DIRECTOR
2222,tm399,Brad Bird,,DIRECTOR
4994,tm349784,Marc Forster,,DIRECTOR
4689,tm230984,Carlos Saldanha,,DIRECTOR
20194,tm240623,Rob Marshall,,DIRECTOR
8189,tm8,Rian Johnson,,DIRECTOR
1208,tm195553,Bill Condon,,DIRECTOR
301213,tm240627,Xavier Hamel,,DIRECTOR
5194,tm266646,Ava DuVernay,,DIRECTOR
64240,tm327916,Brett Sullivan,,DIRECTOR
230139,tm227992,Brian Fee,,DIRECTOR
966468,ts75597,Ugo Bienvenu,,DIRECTOR
875884,ts75597,Kevin Manach,,DIRECTOR
27623,tm348282,Brett Morgen,,DIRECTOR
305471,tm428953,Steven K. Tsuchida,,DIRECTOR
22799,tm266693,David Bowers,,DIRECTOR
866015,tm406868,Domee Shi,,DIRECTOR
2070,tm327380,Joe Johnston,,DIRECTOR
14034,tm327380,Lasse Hallström,,DIRECTOR
2175513,tm422015,Ben Wallis,,DIRECTOR
353039,tm361029,Thomas C. Grane,,DIRECTOR
2175513,tm419118,Ben Wallis,,DIRECTOR
99287,tm363498,Chris Modoono,,DIRECTOR
179265,tm363498,Gil Zabarsky,,DIRECTOR
116141,ts81977,Matt Danner,,DIRECTOR
40515,tm356966,Paul Hoen,,DIRECTOR
299259,ts124200,Yuzo Sato,,DIRECTOR
25878,tm373625,Steve Carr,,DIRECTOR
20352,tm307646,Taika Waititi,,DIRECTOR
24933,tm310197,Kenny Ortega,,DIRECTOR
89342,tm324105,Kevin Deters,,DIRECTOR
337169,tm324105,Stevie Wermers,,DIRECTOR
255554,tm351023,Martin Desmond Roe,,DIRECTOR
20352,tm373448,Taika Waititi,,DIRECTOR
635976,ts83336,Eric Beaufils,,DIRECTOR
55351,tm430584,Alfred Gimeno,,DIRECTOR
1026057,tm444951,Julia Reagan,,DIRECTOR
48525,tm308160,Katie Couric,,DIRECTOR
187134,tm425336,Wayne Abbott,,DIRECTOR
314620,tm435514,Hasraf Dulull,,DIRECTOR
1013702,tm305230,Stephen Sandoval,,DIRECTOR
649668,tm305230,Tom Caulfield,,DIRECTOR
10555,tm406066,Don Hahn,,DIRECTOR
113807,tm320517,Simcha Jacobovici,,DIRECTOR
838809,tm286174,Dave Mullins,,DIRECTOR
52216,tm1064162,Kurt Mattila,,DIRECTOR
881605,tm411403,Neil Gelinas,,DIRECTOR
192916,tm448006,Daniel M. Smith,,DIRECTOR
1067038,tm462384,Sophie Elwin-Harris,,DIRECTOR
34336,tm476866,Michael Bonfiglio,,DIRECTOR
53896,tm476866,Sidney Beaumont,,DIRECTOR
294746,tm420056,Luc Marescot,,DIRECTOR
130310,tm975587,Dave Wasson,,DIRECTOR
192081,tm975587,Alonso Ramirez Ramos,,DIRECTOR
1081664,tm975587,Eddie Trigueros,,DIRECTOR
4806,tm432143,Ted Mathot,,DIRECTOR
103808,tm285590,Robert Nixon,,DIRECTOR
2287989,tm431848,Ken Corben,,DIRECTOR
1604590,tm505107,Richard Slater-Jones,,DIRECTOR
97606,tm983642,Harald Pokieser,,DIRECTOR
235967,tm362746,Simon Lythgoe,,DIRECTOR
1190490,tm939308,Josselin Mahot,,DIRECTOR
971831,tm939308,Fabrice Gardel,,DIRECTOR
1754932,tm833135,Katie Bauer Murdock,,DIRECTOR
119210,tm326895,Glenn Weiss,,DIRECTOR
33129,tm439596,Thomas Kail,,DIRECTOR
28805,tm1855,Anthony Russo,,DIRECTOR
28806,tm1855,Joe Russo,,DIRECTOR
2535,tm244126,Simon Kinberg,,DIRECTOR
4792,tm375501,Pete Docter,,DIRECTOR
3532,tm9,J.J. Abrams,,DIRECTOR
23486,tm570,Anna Boden,,DIRECTOR
23485,tm570,Ryan Fleck,,DIRECTOR
1681,tm309655,Jon Favreau,,DIRECTOR
9879,tm375500,Dan Scanlon,,DIRECTOR
46163,tm423725,Joachim Rønning,,DIRECTOR
5789,tm11948,Josh Cooley,,DIRECTOR
4505,tm318224,Guy Ritchie,,DIRECTOR
25741,tm319189,Joe Cornish,,DIRECTOR
248421,tm892844,AJ Schnack,,DIRECTOR
24415,tm266656,Niki Caro,,DIRECTOR
3889,tm841282,Ericson Core,,DIRECTOR
109289,tm473071,Thea Sharrock,,DIRECTOR
8212,tm207119,Tim Burton,,DIRECTOR
6806,tm244184,Jennifer Lee,,DIRECTOR
6824,tm244184,Chris Buck,,DIRECTOR
20290,tm319217,Marc Lawrence,,DIRECTOR
12063,tm350097,Kenneth Branagh,,DIRECTOR
727017,ts89507,Gwyn Williams,,DIRECTOR
299405,tm937152,Madeline Sharafian,,DIRECTOR
86520,tm931709,Justin Baldoni,,DIRECTOR
2207601,tm1142436,Nikos Dayandas,,DIRECTOR
230287,tm405465,Charlie Bean,,DIRECTOR
6721,tm977575,Taylor Swift,,DIRECTOR
185728,tm945431,Ashley Avis,,DIRECTOR
35300,tm857985,Julia Hart,,DIRECTOR
1513425,ts88328,Guillermo Navarro,,DIRECTOR
13471,tm916669,Joe Nussbaum,,DIRECTOR
24933,tm374091,Kenny Ortega,,DIRECTOR
86190,tm893036,Renan Ozturk,,DIRECTOR
1450431,tm893036,Drew Pulley,,DIRECTOR
1553173,tm923068,Ken Cunningham,,DIRECTOR
2335,tm845773,Tom McCarthy,,DIRECTOR
21668,tm974117,Sharon Maguire,,DIRECTOR
40515,tm831100,Paul Hoen,,DIRECTOR
1127751,tm886783,Elizabeth Leiter,,DIRECTOR
1217719,tm886783,Kim Woodard,,DIRECTOR
1754932,tm961182,Katie Bauer Murdock,,DIRECTOR
47097,tm974034,Reginald Hudlin,,DIRECTOR
250257,tm827783,Anna Mastro,,DIRECTOR
420125,tm863958,Tom Stubberfield,,DIRECTOR
336894,ts223011,Matthew Thompson,,DIRECTOR
731653,ts223011,Nigel Walk,,DIRECTOR
921139,ts228562,Larissa Bills,,DIRECTOR
420305,ts105720,Jorge Bechara,,DIRECTOR
804120,tm411627,Adam B. Stein,,DIRECTOR
34157,tm411627,Zach Lipovsky,,DIRECTOR
730381,tm936285,Thomas Astruc,,DIRECTOR
47749,tm470101,Keith Scholey,,DIRECTOR
784106,ts217745,François Pomès,,DIRECTOR
18336,tm319237,Mark Waters,,DIRECTOR
1014038,tm376183,Jeff Wilson,,DIRECTOR
35602,tm376183,Alastair Fothergill,,DIRECTOR
591287,tm483905,Tom Jennings,,DIRECTOR
195327,ts218364,Tony Gerber,,DIRECTOR
1124086,tm850243,Martin Johnson,,DIRECTOR
1058304,tm460582,Peter McBride,,DIRECTOR
1058251,tm460582,Kevin Fedarko,,DIRECTOR
35601,tm882856,Mark Linfield,,DIRECTOR
209203,tm468064,Erica Milsom,,DIRECTOR
116280,tm827851,Hamish Hamilton,,DIRECTOR
12186,tm827851,Ron Clements,,DIRECTOR
12184,tm827851,John Musker,,DIRECTOR
174916,ts254535,Nigel Marven,,DIRECTOR
765850,tm845578,Sol Choi,,DIRECTOR
831788,tm468008,Bob Bowen,,DIRECTOR
336734,tm942473,Christian Baumeister,,DIRECTOR
2231579,ts225533,Sandesh Kadur,,DIRECTOR
591287,tm944621,Tom Jennings,,DIRECTOR
235253,ts236381,Dan Lanigan,,DIRECTOR
1436945,ts236381,Jason C. Henry,,DIRECTOR
176313,ts271431,Megan Harding,,DIRECTOR
1961373,tm894133,Monica Scanlan,,DIRECTOR
705332,ts254529,Virginia Quinn,,DIRECTOR
189171,tm406236,Mark Davis,,DIRECTOR
1369538,tm468063,Dana Sink,,DIRECTOR
1450434,tm933514,Bengt Anderson,,DIRECTOR
2080376,tm1032382,John Cullum,,DIRECTOR
274779,tm931428,Dan Abraham,,DIRECTOR
854618,tm931428,Trent Correy,,DIRECTOR
236474,tm914379,Dikayl Rimmasch,,DIRECTOR
881710,tm914379,Emmanuel Adjei,,DIRECTOR
856282,tm914379,Ibra Ake,,DIRECTOR
814956,tm914379,Jake Nava,,DIRECTOR
701842,tm914379,Jenn Nkiru,,DIRECTOR
34770,tm914379,Beyoncé,,DIRECTOR
1361097,tm914379,Blitz Bazawule,,DIRECTOR
844395,tm941826,Tim Federle,,DIRECTOR
318276,tm452733,Brian Larsen,,DIRECTOR
1237485,tm674489,Duncan Singh,,DIRECTOR
104458,tm470579,Jonathan Hock,,DIRECTOR
255490,tm456824,Ken Rodgers,,DIRECTOR
971831,tm851998,Fabrice Gardel,,DIRECTOR
1130680,tm851998,Simon Kessler,,DIRECTOR
1190490,tm851998,Josselin Mahot,,DIRECTOR
55351,tm454706,Alfred Gimeno,,DIRECTOR
5493,tm856533,David Silverman,,DIRECTOR
2061348,tm828138,Chris Rutkowski,,DIRECTOR
1504376,tm914724,John Gleim,,DIRECTOR
55351,tm461535,Alfred Gimeno,,DIRECTOR
765850,tm461535,Sol Choi,,DIRECTOR
1067038,tm898825,Sophie Elwin-Harris,,DIRECTOR
5793,tm468061,Valerie LaPointe,,DIRECTOR
205111,tm823347,Chad Cohen,,DIRECTOR
173919,tm827478,Fritz Mitchell,,DIRECTOR
1599854,tm920883,Andy Seestedt,,DIRECTOR
2061348,tm835342,Chris Rutkowski,,DIRECTOR
1741888,tm452729,Rosana Sullivan,,DIRECTOR
1382749,ts188374,Adam Vetri,,DIRECTOR
854592,tm995974,Jeff Gipson,,DIRECTOR
239030,tm826979,Christian Lamb,,DIRECTOR
2003892,tm983746,Mark Woodward,,DIRECTOR
33129,tm916947,Thomas Kail,,DIRECTOR
143071,tm853361,Lisa Feit,,DIRECTOR
1865763,ts271634,Bernard Toh,,DIRECTOR
91796,ts255188,Chris Gilligan,,DIRECTOR
4807,tm843325,Bob Peterson,,DIRECTOR
309495,tm855130,Jim Aikman,,DIRECTOR
1828478,tm981436,Chris Hamilton,,DIRECTOR
591287,tm954191,Tom Jennings,,DIRECTOR
235697,tm848055,Clayton Cogswell,,DIRECTOR
1603816,tm936946,Braydon Moloney,,DIRECTOR
1604493,tm936946,Moritz Katz,,DIRECTOR
4807,tm847859,Bob Peterson,,DIRECTOR
1396825,tm876282,Stuart Strickson,,DIRECTOR
207309,tm885652,Ron de Moraes,,DIRECTOR
266810,tm845561,Dereck Joubert,,DIRECTOR
338461,tm845561,Beverly Joubert,,DIRECTOR
47749,tm882855,Keith Scholey,,DIRECTOR
1321319,tm958703,Phil Stebbing,,DIRECTOR
390816,tm882857,Vanessa Berlowitz,,DIRECTOR
1036623,tm902037,Kenny Scott,,DIRECTOR
2175513,tm1016993,Ben Wallis,,DIRECTOR
1649227,tm983647,Natalie Hewit,,DIRECTOR
116280,tm978794,Hamish Hamilton,,DIRECTOR
1688475,tm973637,Angela Affinita,,DIRECTOR
56933,tm946363,Trevor Moore,,DIRECTOR
590681,tm460711,Shawn Levy,,DIRECTOR
2779,tm453779,Steven Spielberg,,DIRECTOR
866015,tm375923,Domee Shi,,DIRECTOR
32960,tm983665,Questlove,,DIRECTOR
592059,tm858873,Byron Howard,,DIRECTOR
1965,tm858873,Jared Bush,,DIRECTOR
272676,tm439804,Chloé Zhao,,DIRECTOR
36525,ts297071,Gotham Chopra,,DIRECTOR
11054,tm821207,Destin Daniel Cretton,,DIRECTOR
43964,tm1092922,Jimmy Chin,,DIRECTOR
43966,tm1092922,Elizabeth Chai Vasarhelyi,,DIRECTOR
6447,tm344880,Jaume Collet-Serra,,DIRECTOR
31207,tm355775,Sarah Smith,,DIRECTOR
56614,tm439797,Cate Shortland,,DIRECTOR
26827,tm240625,Craig Gillespie,,DIRECTOR
844395,tm1128472,Tim Federle,,DIRECTOR
29862,tm375874,Enrico Casarosa,,DIRECTOR
86190,tm1151565,Renan Ozturk,,DIRECTOR
1229705,tm1151565,Taylor Rees,,DIRECTOR
662800,ts342882,Jason Sterman,,DIRECTOR
769706,ts342882,Leanne Dare,,DIRECTOR
375982,ts342882,Andrew McAllister,,DIRECTOR
371951,tm1151578,John Chester,,DIRECTOR
86427,tm989785,Gail Lerner,,DIRECTOR
1014038,tm1151592,Jeff Wilson,,DIRECTOR
35602,tm1151592,Alastair Fothergill,,DIRECTOR
12055,tm417522,Don Hall,,DIRECTOR
931369,tm417522,Carlos López Estrada,,DIRECTOR
8993,tm989857,John C. Donkin,,DIRECTOR
5493,tm1196292,David Silverman,,DIRECTOR
53894,tm989837,Liz Garbus,,DIRECTOR
239117,tm1097273,Max Lowe,,DIRECTOR
57663,tm1040854,Kirk R. Thatcher,,DIRECTOR
1567148,tm1172125,Stacey Lee,,DIRECTOR
5493,tm1068637,David Silverman,,DIRECTOR
1553173,tm1082540,Ken Cunningham,,DIRECTOR
1013631,tm989859,Swinton O. Scott III,,DIRECTOR
26801,tm867361,Dan Mazer,,DIRECTOR
35602,tm1183704,Alastair Fothergill,,DIRECTOR
1014038,tm1183704,Jeff Wilson,,DIRECTOR
636635,ts310270,Hyrum Virl Osmond,,DIRECTOR
5493,tm1104702,David Silverman,,DIRECTOR
2068616,tm1104315,McKenna Jean Harris,,DIRECTOR
592059,tm1183509,Byron Howard,,DIRECTOR
1965,tm1183509,Jared Bush,,DIRECTOR
86411,tm1133185,James Burrows,,DIRECTOR
1038531,tm1133185,Andy Fisher,,DIRECTOR
429056,tm1184089,Nick Florez,,DIRECTOR
649980,tm1184089,R.J. Durell,,DIRECTOR
40007,tm1171752,Brad Baruh,,DIRECTOR
319030,tm1094572,Janet Tobias,,DIRECTOR
420765,tm1094572,John Hoffman,,DIRECTOR
14416,tm1165727,Gillian Jacobs,,DIRECTOR
5493,tm1039842,David Silverman,,DIRECTOR
2194682,tm1104734,Bradford Burah,,DIRECTOR
657496,tm1104734,Brian Kwan,,DIRECTOR
730381,tm1029681,Thomas Astruc,,DIRECTOR
324236,tm1077151,David Clair,,DIRECTOR
1137300,tm1044111,Natalie Nourigat,,DIRECTOR
142427,tm949574,Lena Khan,,DIRECTOR
51296,tm1094653,Alex Zamm,,DIRECTOR
308474,tm1172642,Karl Hadrika,,DIRECTOR
97791,tm1172642,William Reiss,,DIRECTOR
1081664,tm1172642,Eddie Trigueros,,DIRECTOR
1217719,ts296914,Kim Woodard,,DIRECTOR
1937004,ts296914,Greg Henry,,DIRECTOR
1937280,ts296914,George Kralovansky,,DIRECTOR
1937112,ts296914,Isaac Holub,,DIRECTOR
1937422,ts296914,Lisa Bloch,,DIRECTOR
1937075,ts296914,Drew Pulley,,DIRECTOR
1937423,ts296914,Brian V. O’Toole,,DIRECTOR
1937313,ts296914,Alan Eyres,,DIRECTOR
3217,ts270544,Vanessa Roth,,DIRECTOR
1598631,tm1001876,Scott Bateman,,DIRECTOR
328139,tm1066207,Salvador Simó,,DIRECTOR
2207172,ts215481,Jean Cayrol,,DIRECTOR
9816,tm1091489,Andy Fickman,,DIRECTOR
5795,tm1031474,Kevin Nolting,,DIRECTOR
40007,tm1168196,Brad Baruh,,DIRECTOR
188933,tm1109460,Dave Hoffman,,DIRECTOR
214466,tm1171809,Ryan Gillis,,DIRECTOR
1081664,tm1171809,Eddie Trigueros,,DIRECTOR
97791,tm1171809,William Reiss,,DIRECTOR
143071,tm1151153,Lisa Feit,,DIRECTOR
113779,tm983783,Sally Aitken,,DIRECTOR
700992,tm1054074,Manjari Makijany,,DIRECTOR
25051,tm1042356,David Gelb,,DIRECTOR
752025,ts285348,Alexis Barbier-Bouvet,,DIRECTOR
4792,tm1127595,Pete Docter,,DIRECTOR
116280,tm1123813,Hamish Hamilton,,DIRECTOR
1976695,tm1120700,Sigmund Spath Jr.,,DIRECTOR
1046548,tm1076825,Aphton Corbin,,DIRECTOR
2317207,tm1110156,Jim Greayer,,DIRECTOR
2257453,tm1165418,Tine Condon,,DIRECTOR
176314,tm1165418,Jeanmarie Condon,,DIRECTOR
206163,ts269588,Alan Barillaro,,DIRECTOR
853640,ts269588,Allison Rutland,,DIRECTOR
102687,ts269588,James Ford Murphy,,DIRECTOR
17111,ts269588,Adam Rodríguez,,DIRECTOR
242039,tm1079991,Paul Bradshaw,,DIRECTOR
264130,tm996838,Mike Jacobs,,DIRECTOR
338461,tm1160996,Beverly Joubert,,DIRECTOR
266810,tm1160996,Dereck Joubert,,DIRECTOR
1237552,tm1034939,Moxie Peng,,DIRECTOR
1642647,tm1137323,Ashley S Gorman,,DIRECTOR
407034,tm1066442,Zach Parrish,,DIRECTOR
794524,tm1034867,Stefanie Abel Horowitz,,DIRECTOR
4801,tm1076889,Louis Gonzales,,DIRECTOR
113779,tm1047333,Sally Aitken,,DIRECTOR
2003892,tm1063680,Mark Woodward,,DIRECTOR
209203,tm1172299,Erica Milsom,,DIRECTOR
57629,tm1092563,Phil Weinstein,,DIRECTOR
1100184,tm1034897,Jessica Mendez Siqueiros,,DIRECTOR
2188612,tm1142249,Broni Likomanov,,DIRECTOR
2003892,tm1063646,Mark Woodward,,DIRECTOR
1226737,tm1035015,Hao Zheng,,DIRECTOR
1874539,tm1034999,Ann Marie Pace,,DIRECTOR
1633353,tm1034995,Aqsa Altaf,,DIRECTOR
926801,tm1063798,David S. Falcone,,DIRECTOR
1754932,tm1044329,Katie Bauer Murdock,,DIRECTOR
1148004,tm1164913,Franz Hafner,,DIRECTOR
769706,tm1076899,Leanne Dare,,DIRECTOR
662800,tm1076899,Jason Sterman,,DIRECTOR
1977268,tm1064170,Jacob Cobi Benattia,,DIRECTOR
6302,tm1064170,Peter Berg,,DIRECTOR
641950,tm1064170,James Buchanan,,DIRECTOR
808171,tm999348,Cristina Costantini,,DIRECTOR
1570453,tm999348,Darren Foster,,DIRECTOR
189171,tm1002614,Mark Davis,,DIRECTOR
1053828,tm1133820,Adam Trent,,DIRECTOR
1853592,tm1091117,Justin Weinrich,,DIRECTOR
